shotnum,Delta
50010001,7.84289
50010002,7.804038
